{
    "metadata":{
        "version":3,
        "generator":"io_three",
        "type":"Geometry",
        "vertices":96,
        "faces":24,
        "materials":1
    },
    "materials":[{
        "colorEmissive":[0,0,0],
        "transparent":false,
        "DbgIndex":0,
        "shading":"phong",
        "DbgColor":15658734,
        "depthTest":true,
        "depthWrite":true,
        "colorDiffuse":[0.28,0.28,0.28],
        "blending":1,
        "visible":true,
        "specularCoef":50,
        "DbgName":"lambert4SG",
        "opacity":1,
        "doubleSided":false,
        "colorSpecular":[0.5,0.5,0.5],
        "wireframe":false
    }],
    "vertices":[-0.409061,0.060455,-0.313673,0.590939,0.060455,-0.313673,0.590939,0.941718,-0.786299,-0.409061,0.941718,-0.786299,0.37569,0.442096,-1.49533,-0.674833,0.4728,-1.00142,0.620897,-0.200506,-1.12508,-0.146118,-0.1354,-1.21144,-0.18769,-0.458338,1.21422,0.489927,-0.284909,1.29243,0.50901,-0.0813482,1.29123,-0.294796,-0.136912,1.30865,0.507655,-0.0813479,-0.558703,-0.186817,-0.0813479,-0.558703,0.51588,-0.541718,-0.281912,-0.264935,-0.491832,-0.504742,-0.130615,-0.278808,0.06263,0.49632,-0.315961,0.446362,0.563822,0.577369,0.251752,-0.425733,0.438303,0.101713,0.563822,0.577369,-0.901903,-0.175728,0.682554,-0.864477,0.593479,-0.392816,-0.8481,-0.282335,-0.322882,-0.688367,-0.409487,-0.356099,1.49533,0.590513,-0.356099,1.49533,0.579789,0.0656998,1.41914,-0.409773,0.296496,1.08572,0.290635,0.32786,0.620941,-0.409487,0.185046,0.495331,0.485447,-0.356099,0.495331,-0.409487,-0.356099,0.495331,0.593479,-0.392816,-0.8481,0.593479,-0.392816,-0.8481,-0.282335,-0.322882,-0.688367,-0.282335,-0.322882,-0.688367,-0.18769,-0.458338,1.21422,-0.18769,-0.458338,1.21422,0.489927,-0.284909,1.29243,0.489927,-0.284909,1.29243,0.590513,-0.356099,1.49533,0.590513,-0.356099,1.49533,0.485447,-0.356099,0.495331,0.485447,-0.356099,0.495331,-0.409487,-0.356099,1.49533,-0.409487,-0.356099,1.49533,-0.409487,-0.356099,0.495331,-0.409487,-0.356099,0.495331,0.49632,-0.315961,0.446362,0.49632,-0.315961,0.446362,-0.130615,-0.278808,0.06263,-0.130615,-0.278808,0.06263,0.50901,-0.0813482,1.29123,0.50901,-0.0813482,1.29123,0.507655,-0.0813479,-0.558703,0.507655,-0.0813479,-0.558703,0.590939,0.941718,-0.786299,0.590939,0.941718,-0.786299,-0.409061,0.941718,-0.786299,-0.409061,0.941718,-0.786299,-0.674833,0.4728,-1.00142,-0.674833,0.4728,-1.00142,0.579789,0.0656998,1.41914,0.579789,0.0656998,1.41914,0.290635,0.32786,0.620941,0.290635,0.32786,0.620941,0.37569,0.442096,-1.49533,0.37569,0.442096,-1.49533,0.620897,-0.200506,-1.12508,0.620897,-0.200506,-1.12508,-0.146118,-0.1354,-1.21144,-0.146118,-0.1354,-1.21144,0.563822,0.577369,0.251752,0.563822,0.577369,0.251752,0.563822,0.577369,-0.901903,0.563822,0.577369,-0.901903,0.51588,-0.541718,-0.281912,0.51588,-0.541718,-0.281912,-0.186817,-0.0813479,-0.558703,-0.186817,-0.0813479,-0.558703,-0.264935,-0.491832,-0.504742,-0.264935,-0.491832,-0.504742,-0.294796,-0.136912,1.30865,-0.294796,-0.136912,1.30865,-0.409487,0.185046,0.495331,-0.409487,0.185046,0.495331,-0.409773,0.296496,1.08572,-0.409773,0.296496,1.08572,-0.425733,0.438303,0.101713,-0.425733,0.438303,0.101713,0.590939,0.060455,-0.313673,0.590939,0.060455,-0.313673,-0.409061,0.060455,-0.313673,-0.409061,0.060455,-0.313673,-0.175728,0.682554,-0.864477,-0.175728,0.682554,-0.864477],
    "faces":[3,92,90,56,58,0,3,59,57,67,60,0,3,61,66,68,70,0,3,71,69,91,93,0,3,1,6,4,2,0,3,7,0,3,5,0,3,36,38,53,82,0,3,83,52,54,79,0,3,78,55,76,80,0,3,81,77,39,37,0,3,9,14,12,10,0,3,15,8,11,13,0,3,51,49,73,88,0,3,89,72,74,94,0,3,95,75,32,34,0,3,35,33,48,50,0,3,17,22,20,18,0,3,23,16,19,21,0,3,45,41,63,86,0,3,87,62,64,85,0,3,84,65,43,47,0,3,46,42,40,44,0,3,25,30,28,26,0,3,31,24,27,29,0]
}