{
    "faces":[3,92,90,56,58,0,3,59,57,67,60,0,3,61,66,68,70,0,3,71,69,91,93,0,3,1,6,4,2,0,3,7,0,3,5,0,3,36,38,53,82,0,3,83,52,54,79,0,3,78,55,76,80,0,3,81,77,39,37,0,3,9,14,12,10,0,3,15,8,11,13,0,3,51,49,73,88,0,3,89,72,74,94,0,3,95,75,32,34,0,3,35,33,48,50,0,3,17,22,20,18,0,3,23,16,19,21,0,3,45,41,63,86,0,3,87,62,64,85,0,3,84,65,43,47,0,3,46,42,40,44,0,3,25,30,28,26,0,3,31,24,27,29,0],
    "vertices":[0.314453,-0.0486774,0.410032,0.312933,-0.0754256,-0.589609,0.787881,-0.955144,-0.566792,0.789401,-0.928395,0.432849,1.49592,-0.448104,-0.366109,1.00368,-0.451979,0.685643,1.12361,0.186746,-0.627825,1.2113,0.142404,0.140518,-1.21513,0.460041,0.177295,-1.29392,0.268347,-0.495316,-1.29221,0.0643521,-0.50895,-1.30855,0.141351,0.293109,0.557714,0.0691899,-0.510537,0.55877,0.0877658,0.183686,0.279698,0.528455,-0.530631,0.503845,0.500051,0.250884,-0.0631664,0.282038,0.123211,-0.447948,0.301413,-0.503882,-0.251085,-0.592895,-0.547778,-0.0999096,-0.427021,0.437464,0.902564,-0.589901,-0.549612,0.86654,-0.675363,0.192545,0.846158,0.379001,-0.60512,0.687941,0.332104,0.272504,-1.49564,0.363042,0.402194,-1.49716,0.336294,-0.597447,-1.41984,-0.0848679,-0.575567,-1.08431,-0.288246,0.419282,-0.620515,-0.337127,-0.280775,-0.494218,-0.175312,0.415076,-0.497006,0.3417,-0.494009,-0.495645,0.365638,0.400604,0.846158,0.379001,-0.60512,0.846158,0.379001,-0.60512,0.687941,0.332104,0.272504,0.687941,0.332104,0.272504,-1.21513,0.460041,0.177295,-1.21513,0.460041,0.177295,-1.29392,0.268347,-0.495316,-1.29392,0.268347,-0.495316,-1.49716,0.336294,-0.597447,-1.49716,0.336294,-0.597447,-0.497006,0.3417,-0.494009,-0.497006,0.3417,-0.494009,-1.49564,0.363042,0.402194,-1.49564,0.363042,0.402194,-0.495645,0.365638,0.400604,-0.495645,0.365638,0.400604,-0.447948,0.301413,-0.503882,-0.447948,0.301413,-0.503882,-0.0631664,0.282038,0.123211,-0.0631664,0.282038,0.123211,-1.29221,0.0643521,-0.50895,-1.29221,0.0643521,-0.50895,0.557714,0.0691899,-0.510537,0.557714,0.0691899,-0.510537,0.787881,-0.955144,-0.566792,0.787881,-0.955144,-0.566792,0.789401,-0.928395,0.432849,0.789401,-0.928395,0.432849,1.00368,-0.451979,0.685643,1.00368,-0.451979,0.685643,-1.41984,-0.0848679,-0.575567,-1.41984,-0.0848679,-0.575567,-0.620515,-0.337127,-0.280775,-0.620515,-0.337127,-0.280775,1.49592,-0.448104,-0.366109,1.49592,-0.448104,-0.366109,1.12361,0.186746,-0.627825,1.12361,0.186746,-0.627825,1.2113,0.142404,0.140518,1.2113,0.142404,0.140518,-0.251085,-0.592895,-0.547778,-0.251085,-0.592895,-0.547778,0.902564,-0.589901,-0.549612,0.902564,-0.589901,-0.549612,0.279698,0.528455,-0.530631,0.279698,0.528455,-0.530631,0.55877,0.0877658,0.183686,0.55877,0.0877658,0.183686,0.503845,0.500051,0.250884,0.503845,0.500051,0.250884,-1.30855,0.141351,0.293109,-1.30855,0.141351,0.293109,-0.494218,-0.175312,0.415076,-0.494218,-0.175312,0.415076,-1.08431,-0.288246,0.419282,-1.08431,-0.288246,0.419282,-0.0999096,-0.427021,0.437464,-0.0999096,-0.427021,0.437464,0.312933,-0.0754256,-0.589609,0.312933,-0.0754256,-0.589609,0.314453,-0.0486774,0.410032,0.314453,-0.0486774,0.410032,0.86654,-0.675363,0.192545,0.86654,-0.675363,0.192545],
    "materials":[{
        "DbgColor":15658734,
        "depthWrite":true,
        "visible":true,
        "colorDiffuse":[0.28,0.28,0.28],
        "doubleSided":false,
        "wireframe":false,
        "DbgIndex":0,
        "colorSpecular":[0.5,0.5,0.5],
        "colorEmissive":[0,0,0],
        "opacity":1,
        "depthTest":true,
        "transparent":false,
        "shading":"phong",
        "specularCoef":50,
        "DbgName":"lambert4SG",
        "blending":1
    }],
    "metadata":{
        "type":"Geometry",
        "version":3,
        "vertices":96,
        "materials":1,
        "generator":"io_three",
        "faces":24
    }
}