{
    "faces":[3,92,90,56,58,0,3,59,57,67,60,0,3,61,66,68,70,0,3,71,69,91,93,0,3,1,6,4,2,0,3,7,0,3,5,0,3,36,38,53,82,0,3,83,52,54,79,0,3,78,55,76,80,0,3,81,77,39,37,0,3,9,14,12,10,0,3,15,8,11,13,0,3,51,49,73,88,0,3,89,72,74,94,0,3,95,75,32,34,0,3,35,33,48,50,0,3,17,22,20,18,0,3,23,16,19,21,0,3,45,41,63,86,0,3,87,62,64,85,0,3,84,65,43,47,0,3,46,42,40,44,0,3,25,30,28,26,0,3,31,24,27,29,0],
    "metadata":{
        "generator":"io_three",
        "materials":1,
        "version":3,
        "vertices":96,
        "faces":24,
        "type":"Geometry"
    },
    "materials":[{
        "depthTest":true,
        "colorDiffuse":[0.64,0.64,0.64],
        "colorEmissive":[0,0,0],
        "visible":true,
        "colorSpecular":[0.5,0.5,0.5],
        "wireframe":false,
        "DbgColor":15658734,
        "blending":1,
        "opacity":1,
        "DbgName":"lambert4SG",
        "shading":"phong",
        "DbgIndex":0,
        "doubleSided":false,
        "transparent":false,
        "depthWrite":true,
        "specularCoef":50
    }],
    "vertices":[-0.065383,1.28744,1.53146,0.934617,1.28744,1.53146,0.923893,1.70923,1.45527,-0.065669,1.94003,1.12185,0.63474,1.97139,0.657073,-0.065383,1.82858,0.531463,0.934617,1.28744,0.531463,-0.065383,1.28744,0.531463,0.08496,1.10241,1.23227,0.834031,1.26461,1.32857,1.01894,1.56219,1.32736,0.049308,1.50662,1.34478,1.01894,1.56219,-0.52257,0.018938,1.56219,-0.52257,0.859984,1.10182,-0.24578,0.07917,1.1517,-0.46861,-0.064957,1.70399,-0.277541,0.935043,1.70399,-0.277541,0.935043,2.58525,-0.750167,-0.064957,2.58525,-0.750167,0.719794,2.08563,-1.4592,-0.330729,2.11633,-0.965285,0.965001,1.44303,-1.08895,0.197986,1.50814,-1.17531,0.213489,1.36473,0.0987622,0.840424,1.32757,0.482494,0.907927,2.2209,0.287884,-0.081629,2.08184,0.137845,0.907927,2.2209,-0.865771,0.168377,2.32609,-0.828344,0.937583,1.25072,-0.811968,0.061769,1.32065,-0.652235,0.965001,1.44303,-1.08895,0.965001,1.44303,-1.08895,0.197986,1.50814,-1.17531,0.197986,1.50814,-1.17531,0.08496,1.10241,1.23227,0.08496,1.10241,1.23227,0.834031,1.26461,1.32857,0.834031,1.26461,1.32857,0.840424,1.32757,0.482494,0.840424,1.32757,0.482494,0.937583,1.25072,-0.811968,0.937583,1.25072,-0.811968,0.213489,1.36473,0.0987622,0.213489,1.36473,0.0987622,0.061769,1.32065,-0.652235,0.061769,1.32065,-0.652235,0.935043,1.70399,-0.277541,0.935043,1.70399,-0.277541,-0.064957,1.70399,-0.277541,-0.064957,1.70399,-0.277541,1.01894,1.56219,1.32736,1.01894,1.56219,1.32736,1.01894,1.56219,-0.52257,1.01894,1.56219,-0.52257,0.923893,1.70923,1.45527,0.923893,1.70923,1.45527,-0.065669,1.94003,1.12185,-0.065669,1.94003,1.12185,-0.065383,1.82858,0.531463,-0.065383,1.82858,0.531463,0.907927,2.2209,0.287884,0.907927,2.2209,0.287884,0.907927,2.2209,-0.865771,0.907927,2.2209,-0.865771,0.63474,1.97139,0.657073,0.63474,1.97139,0.657073,0.934617,1.28744,0.531463,0.934617,1.28744,0.531463,-0.065383,1.28744,0.531463,-0.065383,1.28744,0.531463,0.935043,2.58525,-0.750167,0.935043,2.58525,-0.750167,0.719794,2.08563,-1.4592,0.719794,2.08563,-1.4592,0.859984,1.10182,-0.24578,0.859984,1.10182,-0.24578,0.018938,1.56219,-0.52257,0.018938,1.56219,-0.52257,0.07917,1.1517,-0.46861,0.07917,1.1517,-0.46861,0.049308,1.50662,1.34478,0.049308,1.50662,1.34478,0.168377,2.32609,-0.828344,0.168377,2.32609,-0.828344,-0.081629,2.08184,0.137845,-0.081629,2.08184,0.137845,-0.064957,2.58525,-0.750167,-0.064957,2.58525,-0.750167,0.934617,1.28744,1.53146,0.934617,1.28744,1.53146,-0.065383,1.28744,1.53146,-0.065383,1.28744,1.53146,-0.330729,2.11633,-0.965285,-0.330729,2.11633,-0.965285]
}